,接收距离(cm),热风速度(r/min),厚度mm,孔隙率（%）,压缩回弹性率（%）,过滤阻力Pa,过滤效率（%）,透气性 mm/s
接收距离(cm),1.0,0.0,0.8119207994720818,0.8079984767693181,-0.35693136595149494,-0.7413189908223355,-0.7805422178499724,0.6432609232532436
热风速度(r/min),0.0,1.0,0.5530475010896789,0.5138242740620421,-0.29025188000451235,-0.5295135648730969,-0.33731975243767653,-0.0784464540552736
厚度mm,0.8119207994720818,0.5530475010896789,1.0,0.9784615384615385,-0.47846153846153844,-0.9576923076923077,-0.8669230769230769,0.5484615384615384
孔隙率（%）,0.8079984767693181,0.5138242740620421,0.9784615384615385,1.0,-0.4246153846153846,-0.916923076923077,-0.8592307692307692,0.5146153846153846
压缩回弹性率（%）,-0.35693136595149494,-0.29025188000451235,-0.47846153846153844,-0.4246153846153846,1.0,0.5715384615384616,0.3123076923076923,-0.48
过滤阻力Pa,-0.7413189908223355,-0.5295135648730969,-0.9576923076923077,-0.916923076923077,0.5715384615384616,1.0,0.8253846153846154,-0.6146153846153846
过滤效率（%）,-0.7805422178499724,-0.33731975243767653,-0.8669230769230769,-0.8592307692307692,0.3123076923076923,0.8253846153846154,1.0,-0.7730769230769231
透气性 mm/s,0.6432609232532436,-0.0784464540552736,0.5484615384615384,0.5146153846153846,-0.48,-0.6146153846153846,-0.7730769230769231,1.0
