,接收距离(cm),热风速度(r/min),厚度mm,孔隙率（%）,压缩回弹性率（%）,过滤阻力Pa,过滤效率（%）,透气性 mm/s
接收距离(cm),1.0,0.0,0.7317946977122013,0.6847087118004243,0.28638463656691177,-0.8001538313637908,-0.7452413135250993,0.7766198951472087
热风速度(r/min),0.0,1.0,0.45908836263982605,0.4198500410466785,-0.001961538606622683,0.5530475010896789,0.6197269870366615,-0.5961930508200795
厚度mm,0.7317946977122013,0.45908836263982605,1.0,0.9299461123941494,0.3934962551198807,-0.34128513491997375,-0.240092360980906,0.27395154009359785
孔隙率（%）,0.6847087118004243,0.4198500410466785,0.9299461123941494,1.0,0.39657495442644214,-0.34128513491997375,-0.24778762896106324,0.2801077544777237
压缩回弹性率（%）,0.28638463656691177,-0.001961538606622683,0.3934962551198807,0.39657495442644214,1.0,-0.27120600617090146,-0.24196961401630784,0.23350644786629388
过滤阻力Pa,-0.8001538313637908,0.5530475010896789,-0.34128513491997375,-0.34128513491997375,-0.27120600617090146,1.0,0.9784615384615385,-0.9846153846153847
过滤效率（%）,-0.7452413135250993,0.6197269870366615,-0.240092360980906,-0.24778762896106324,-0.24196961401630784,0.9784615384615385,1.0,-0.9869230769230769
透气性 mm/s,0.7766198951472087,-0.5961930508200795,0.27395154009359785,0.2801077544777237,0.23350644786629388,-0.9846153846153847,-0.9869230769230769,1.0
